project	project_head	status	path	sha256
device/trillionnium/sepolicy	d53fcc5e12a9b4b0b8867899c1e60458ee327881	 M	common/private/file.te	aa6348873fc8ab890d845c3cf05f91ebe643c94fc1449858a677b510f1ed8a00
device/trillionnium/sepolicy	d53fcc5e12a9b4b0b8867899c1e60458ee327881	 M	common/private/seapp_contexts	ba5faea797bb49a2a32b614db256b68ed7fa3991fbbfc0ed700ddad5734735dd
device/trillionnium/sepolicy	d53fcc5e12a9b4b0b8867899c1e60458ee327881	 M	common/private/trillionnium_agent_accessibility.te	1ddffe82783a978eb8b617c598269559a19323a543f49f0834526fc75b061fee
device/trillionnium/sepolicy	d53fcc5e12a9b4b0b8867899c1e60458ee327881	 M	common/private/trillionnium_agent_egress_guard.te	e78ab77a2b974e4be6bcc76f64fa87341cd7dfd98032f4ff3171dec57187f4ba
device/trillionnium/sepolicy	d53fcc5e12a9b4b0b8867899c1e60458ee327881	 M	tests/replay_sync_policy_contract_test.py	3de0e361ce84a8b39764b01f6bfdaaf063e832d3facd4bdebd39243dc9ace9ae
packages/apps/TrillionniumAiAuthority	e582fab6021c9fa4627f2e088be6ae48b20399ff	 M	Android.bp	29b2e5cd170e2049b6d939d41d0cbdea8e4bacc17cf3e49a55ef87cf11795f58
packages/apps/TrillionniumAiAuthority	e582fab6021c9fa4627f2e088be6ae48b20399ff	 M	leaseissuer/src/org/trillionnium/capabilitylease/CapabilityLeaseActivity.java	0a991523f0459838bb16a4c0ee6a20ce70de1bdc31dbde5c8d8eb28da7a11ebb
packages/apps/TrillionniumAiAuthority	e582fab6021c9fa4627f2e088be6ae48b20399ff	 M	leaseissuer/src/org/trillionnium/capabilitylease/CapabilityLeaseBrokerClient.java	5d3cc0932859f7db15acbfc9b0f136e6a8da50a0ec34659f17e093858a13daa0
packages/apps/TrillionniumAiAuthority	e582fab6021c9fa4627f2e088be6ae48b20399ff	 M	leaseissuer/src/org/trillionnium/capabilitylease/CapabilityLeaseBrokerClients.java	5f4db164c8f8181351556b2d0b5008458979de8ff329725d40fffe3164afd3b8
packages/apps/TrillionniumAiAuthority	e582fab6021c9fa4627f2e088be6ae48b20399ff	??	leaseissuer/src/org/trillionnium/capabilitylease/CapabilityLeaseBrokerWire.java	1c4478e39ad0a637db64e29440ec685d8c826863d7a1a50066d7997af1b3a001
packages/apps/TrillionniumAiAuthority	e582fab6021c9fa4627f2e088be6ae48b20399ff	 M	leaseissuer/tests/CapabilityLeaseBrokerContractTest.java	a943216c3e52a8f716aa9c2f59efa5b8e7801b62ad8992c638af930ac0f56967
packages/apps/TrillionniumAiAuthority	e582fab6021c9fa4627f2e088be6ae48b20399ff	??	leaseissuer/tests/CapabilityLeaseUiProtocolTest.java	a310a20e0ae384b2815c04a3f59413f4afa45bcefda8278272a4e218f282d11e
packages/apps/TrillionniumAiAuthority	e582fab6021c9fa4627f2e088be6ae48b20399ff	 M	leaseissuer/tests/issuer_security_contract.sh	e13fc9e544be7d1075c654ff8b06d407d0da8463d46270fe4cd45b8b78101779
packages/apps/TrillionniumAiShell	dea3e4c8d80b464a336a889a9b453163f24324bb	 M	Android.bp	e8435bd9a3c0e83c92aff0770c207533fd1ef567659e709690a9cc19d31fef2f
packages/apps/TrillionniumAiShell	dea3e4c8d80b464a336a889a9b453163f24324bb	??	src/org/trillionnium/aishell/CapabilityLeaseSubmissionDeliveryAcknowledger.java	9c85e889d9db8778b0887fae2906821f8379ad5dda7fa7b9ccd4e5de87c16101
packages/apps/TrillionniumAiShell	dea3e4c8d80b464a336a889a9b453163f24324bb	 M	tests/agent_provider_security_contract.sh	1db49128cfa39ad581fe3cc104fa641610519e1a250492aaa45bebffbff94eb6
vendor/trillionnium	f4d6c69727908d906d4854671140df6f533ec231	 M	build/soong/receiptstage/receipt_stage.go	bf30a3ea677b98caf3e29ce437f69de4cb7dbe38e19787c0df24a744b1198f44
vendor/trillionnium	f4d6c69727908d906d4854671140df6f533ec231	 M	config/common.mk	9ab607a3061d720fca63c15d951234820fb5396477b11f7c631a70fecd830476
vendor/trillionnium	f4d6c69727908d906d4854671140df6f533ec231	 M	prebuilt/common/bin/trillionnium-root-linux-bootstrap.sh	d91a828f15ed7d8b6186e5798902d1d7bf6ede3234202cf0ab962e6b9bec74f0
vendor/trillionnium	f4d6c69727908d906d4854671140df6f533ec231	 M	prebuilt/common/tests/agentd_peer_identity_contract_test.sh	e6f9904477f4b9aef3d906aaf8f34cd004a930ce7f1d9b429be340ccf975381e
vendor/trillionnium	f4d6c69727908d906d4854671140df6f533ec231	??	prebuilt/common/tests/dogfood_userdebug_adb_root_contract_test.py	951e25fe381b8c6b2a78b5562590d802e98c2943a789f48edc2427362df41620
vendor/trillionnium	f4d6c69727908d906d4854671140df6f533ec231	 M	prebuilt/common/tests/rootfs_tar_staging_filter_target_files_contract_test.py	d9243638c9d8d0ff12aa1456439d3c70ff1463e0a6ecc61a7189e68912d57c7d
vendor/trillionnium	f4d6c69727908d906d4854671140df6f533ec231	??	prebuilt/common/tests/runtime_authority_conformance_product_hold_contract_test.py	0e94fe3a10a635f2555e9c607e199073cb610e7e6b0269bc8c5cab348b6f0ce9
vendor/trillionnium	f4d6c69727908d906d4854671140df6f533ec231	 M	prebuilt/common/tests/shell_exec_v1_android_product_wiring_test.py	9d4f200ea5c7303e83aa1fb2050a835079f84d3befee728bf386606c2142a3c8
vendor/trillionnium	f4d6c69727908d906d4854671140df6f533ec231	 M	prebuilt/common/tools/trillionnium_receipt_stage_materialize.py	19b43b11c0175ad535ed5a9970b513b92d31221c5e59b3b197ab68bdf3e3cb1a
vendor/trillionnium	f4d6c69727908d906d4854671140df6f533ec231	 M	prebuilt/common/tools/trillionnium_receipt_stage_verify.py	d69b22f84e67089d57fc9e20bebb1e4148c1c85f09053020189878c1a32aeebd
trillionnium-sdk	ff8ced2725c0a746f10e4260c12718fe14b8e6c7	 M	Android.bp	fb88a9bacf31b2d1be8e9f79e5de7b3bbd4898123eb11a6185344015d3a34d7f
trillionnium-sdk	ff8ced2725c0a746f10e4260c12718fe14b8e6c7	 M	TEST_MAPPING	655d5507964ddcad9faff59afa46385ba3ff33ebf1b68661d1ce61471a890b8a
trillionnium-sdk	ff8ced2725c0a746f10e4260c12718fe14b8e6c7	??	capabilityleaseapi/src/org/trillionnium/capabilitylease/CapabilityLeaseBrokerNames.java	7e0367e09672bf14945a15ca71257e41df6224e44a5485d842addcf380102aa7
trillionnium-sdk	ff8ced2725c0a746f10e4260c12718fe14b8e6c7	??	capabilityleaseapi/src/org/trillionnium/capabilitylease/CapabilityLeaseUiProtocol.java	d5b326108f0528f3bb825d53d81184c91be450814aaad0d1f3815256eead8d9d
trillionnium-sdk	ff8ced2725c0a746f10e4260c12718fe14b8e6c7	??	capabilityleaseapi/src/org/trillionnium/capabilitylease/ICapabilityLeaseUiBroker.aidl	ee599a99b10331a7b32983475c5b2d8cc421c9213a2600107c524b373afebaf7
trillionnium-sdk	ff8ced2725c0a746f10e4260c12718fe14b8e6c7	??	contracts/android-security-surface-v1.json	5f193fa489cc214bf855504a69f6b68920cb8f1b9c525f2351a17e5e281fface
trillionnium-sdk	ff8ced2725c0a746f10e4260c12718fe14b8e6c7	 M	packages/TrillionniumAgentAccessibility/Android.bp	e7477fe47add2909ed2990fce11a9a9d4830658427de72361a2ae49bc96347dd
trillionnium-sdk	ff8ced2725c0a746f10e4260c12718fe14b8e6c7	??	packages/TrillionniumAgentAccessibility/src/org/trillionnium/agentaccessibility/AccessibilityAuthorizationSession.java	fe78a6ff7dc0c8da8ec3804582d932241ea6bac2f48ecd244548488ecc005942
trillionnium-sdk	ff8ced2725c0a746f10e4260c12718fe14b8e6c7	??	packages/TrillionniumAgentAccessibility/src/org/trillionnium/agentaccessibility/AccessibilityDeferredClose.java	87c9447afd7d0226d0a5283db02fea079bd2a40368b2d3f6adca5e8ce274d86e
trillionnium-sdk	ff8ced2725c0a746f10e4260c12718fe14b8e6c7	 M	packages/TrillionniumAgentAccessibility/src/org/trillionnium/agentaccessibility/AccessibilityReplayControlHandler.java	bbba1cff8e80d0de04698913d567895e163bfe203ebeb297391e43a803dbca72
trillionnium-sdk	ff8ced2725c0a746f10e4260c12718fe14b8e6c7	??	packages/TrillionniumAgentAccessibility/src/org/trillionnium/agentaccessibility/AccessibilityUserAuthorizationGate.java	8665a9de5abd5d545d324647cabc384dd3a5cdce939a00db70c00f32c97bb439
trillionnium-sdk	ff8ced2725c0a746f10e4260c12718fe14b8e6c7	 M	packages/TrillionniumAgentAccessibility/src/org/trillionnium/agentaccessibility/AgentAccessibilityService.java	e6b31a817a27e1a81870ff5d8054858c9482983467d05a2f4a1a131b109019d7
trillionnium-sdk	ff8ced2725c0a746f10e4260c12718fe14b8e6c7	 M	packages/TrillionniumAgentAccessibility/tests/agent_accessibility_contract.sh	e67f504e053335566d35dacb73e71e84e9df3c0462b3fd8cf64fbc52124dbccb
trillionnium-sdk	ff8ced2725c0a746f10e4260c12718fe14b8e6c7	??	packages/TrillionniumAgentAccessibility/tests/src/org/trillionnium/agentaccessibility/AccessibilityAuthorizationSessionTest.java	96220a2cbed30068384125ed0b9dae62adadfb849f8036fd3e60cb7414e6227f
trillionnium-sdk	ff8ced2725c0a746f10e4260c12718fe14b8e6c7	??	packages/TrillionniumAgentAccessibility/tests/src/org/trillionnium/agentaccessibility/AccessibilityDeferredCloseTest.java	eae5a8e2cf9ad8c0dbf1261969f3219d8f74750693d71e391da956131694a86d
trillionnium-sdk	ff8ced2725c0a746f10e4260c12718fe14b8e6c7	 M	packages/TrillionniumAgentAccessibility/tests/src/org/trillionnium/agentaccessibility/AccessibilityReplayControlHandlerTest.java	d07e0ea4aa03dd53e7e4c666b4c30f63cac702d8bcf30e6fa81716ab071e8683
trillionnium-sdk	ff8ced2725c0a746f10e4260c12718fe14b8e6c7	 M	sdk/src/java/trillionnium/app/TrillionniumContextConstants.java	5e03847a32d63a3b4e27724168e24aa86d5e3daa04f3c236c431dfd8aebc2590
trillionnium-sdk	ff8ced2725c0a746f10e4260c12718fe14b8e6c7	??	tests/CapabilityLeaseBrokerCallExecutorTest.java	972d93703ad6dca40bed4fa94819eacd9dd2e3bb7a6f053f3f77005ba231acd7
trillionnium-sdk	ff8ced2725c0a746f10e4260c12718fe14b8e6c7	 M	tests/CapabilityLeasePendingBrokerTest.java	80c4faab5773d01b2f9d1c34e5577cf1f5e315341a3ce38ef20dff3af6b20bce
trillionnium-sdk	ff8ced2725c0a746f10e4260c12718fe14b8e6c7	 M	tests/CapabilityLeasePendingRecordCodecTest.java	bb0b7b9d7f7e8d037460920e82bf7f3be599a5b2a384deb437614bd145d4d74c
trillionnium-sdk	ff8ced2725c0a746f10e4260c12718fe14b8e6c7	??	tests/android_security_surface_contract_test.py	0ed6b539e863c2858c1168f90c72f7876976d7c77ded6d9a92fec982b4f59d88
trillionnium-sdk	ff8ced2725c0a746f10e4260c12718fe14b8e6c7	 M	tests/capability_lease_broker_source_contract.sh	e33234a9aec38be153d2ae3d41a479e5bdc6338a9090436b8fad4a35dabede04
trillionnium-sdk	ff8ced2725c0a746f10e4260c12718fe14b8e6c7	??	tools/verify_android_security_surfaces.py	fc4229af21ac943f2c7b135a01c5c03ec39324c36c86d3e72fec132d72130366
trillionnium-sdk	ff8ced2725c0a746f10e4260c12718fe14b8e6c7	 M	trillionnium/lib/main/java/org/trillionnium/platform/internal/CapabilityLeaseBinderCallerVerifier.java	b192f90bf132b7d272984ce0c3ef99790d702ab8badd67951e3f4608cf0f03bf
trillionnium-sdk	ff8ced2725c0a746f10e4260c12718fe14b8e6c7	??	trillionnium/lib/main/java/org/trillionnium/platform/internal/CapabilityLeaseBrokerCallExecutor.java	afe9276b161ff906012a6994855a64e345cffa3315907ceb6b89a082c30846b0
trillionnium-sdk	ff8ced2725c0a746f10e4260c12718fe14b8e6c7	 M	trillionnium/lib/main/java/org/trillionnium/platform/internal/CapabilityLeaseBrokerCallerPolicy.java	2641a26e5bb2b00ce64715d3d556e6da2cff0433b81dcda698d3ced2c141d51a
trillionnium-sdk	ff8ced2725c0a746f10e4260c12718fe14b8e6c7	??	trillionnium/lib/main/java/org/trillionnium/platform/internal/CapabilityLeaseBrokerProductEnrollment.java	9a4688de43a3c7997987ef0c016b48043fb655ebeb5a3db3dea089c0e58843ad
trillionnium-sdk	ff8ced2725c0a746f10e4260c12718fe14b8e6c7	??	trillionnium/lib/main/java/org/trillionnium/platform/internal/CapabilityLeaseBrokerService.java	ba204138ee6f504073ae62a331f33f0eac77b82d308f01bb1ffbf1670aee602b
trillionnium-sdk	ff8ced2725c0a746f10e4260c12718fe14b8e6c7	 M	trillionnium/lib/main/java/org/trillionnium/platform/internal/CapabilityLeaseBrokerServiceFacades.java	5950419604721875d9c0653f5b13007b4628d17ea9311d73365cdf2c32040679
trillionnium-sdk	ff8ced2725c0a746f10e4260c12718fe14b8e6c7	 M	trillionnium/lib/main/java/org/trillionnium/platform/internal/CapabilityLeasePendingBroker.java	ed3b619f5931f321047144dbad46cd328a836465f7b5ddec4953a4c932049034
trillionnium-sdk	ff8ced2725c0a746f10e4260c12718fe14b8e6c7	 M	trillionnium/lib/main/java/org/trillionnium/platform/internal/CapabilityLeasePendingRecordCodec.java	16f3abcdb6964bac8834b1821b155d48f880976173fc4e77ba5c834c37a15a4b
trillionnium-sdk	ff8ced2725c0a746f10e4260c12718fe14b8e6c7	 M	trillionnium/lib/main/java/org/trillionnium/platform/internal/CapabilityLeasePendingStore.java	63e8a5038976ba47f00782c68f2eaee0fc3af52efddb4443b8cba7383b8dccc2
trillionnium-sdk	ff8ced2725c0a746f10e4260c12718fe14b8e6c7	??	trillionnium/lib/main/java/org/trillionnium/platform/internal/CapabilityLeaseUiBrokerBinder.java	29c0bc9eea9586658752bb1d68d087346794d21d7c39815bcb0488d65413718c
trillionnium-sdk	ff8ced2725c0a746f10e4260c12718fe14b8e6c7	 M	trillionnium/res/res/values/config.xml	d279d99a4d779c2d3a81c8794e83cc8cbf03e8972bc8937cf098f7ab148ec32f
vendor/trillionnium	f4d6c69727908d906d4854671140df6f533ec231	??	owner-open/product.mk	42f3527122be592aebd2a6462c017530867db17dcb539853d17e4c496bcb0f30
vendor/trillionnium	f4d6c69727908d906d4854671140df6f533ec231	??	owner-open/sepolicy/adbroot/adbroot.te	2f25b298d9d8ff8c325b8368fd4985bfa52ad1e6b30be1b1a623535a9727fb03
vendor/trillionnium	f4d6c69727908d906d4854671140df6f533ec231	??	owner-open/sepolicy/adbroot/adbd.te	d95f966553e6ab0d7054c4a63cc273db98eb804ee4547629035f7055b77d0629
vendor/trillionnium	f4d6c69727908d906d4854671140df6f533ec231	??	owner-open/sepolicy/adbroot/file.te	128db39ea4be1eba8b9cd4a5273c4083c6b646c6326b3abc6f11d539abf540e1
vendor/trillionnium	f4d6c69727908d906d4854671140df6f533ec231	??	owner-open/sepolicy/adbroot/file_contexts	d0a32a2756f4ee667f1b08ba699dd6e845d0cf1b6b705184aa271951280f508c
vendor/trillionnium	f4d6c69727908d906d4854671140df6f533ec231	??	owner-open/sepolicy/adbroot/service.te	5e68aa42e45cc1e4465404a445ae996a335207fe1bb00fbc771122c66b4fe410
vendor/trillionnium	f4d6c69727908d906d4854671140df6f533ec231	??	owner-open/sepolicy/adbroot/service_contexts	217aaee9d25c72e16bab4a706ed4136ea3c42a0c90b0f7918367d7f11b505005
vendor/trillionnium	f4d6c69727908d906d4854671140df6f533ec231	??	owner-open/sepolicy/adbroot/system_server.te	041364093eb17908e9b63a494f326a362f57a9938803d67cc93c9d0bfd417716
